{"payload": [{"data": [[0, 0], [4500557.57188797, 10, "vash"], [12978917.335987091, 160, "rsbo"], [17081265.578985214, 310, "ty"], [17629658.499002457, 378, "DIAGCGI"], [21246650.77996254, 728, "hop"], [24800279.200077057, 928, "rsaha"], [31383983.47401619, 1056, "tarmful"], [45955355.55911064, 1256, "PY4H4SHER"], [46302838.04893494, 1506, "maze"], [51119988.73305321, 1856, "callme"], [55243985.38208008, 2106, "LEENODE"], [69932668.35403442, 2406, "sha1lcode"], [87371108.9220047, 2906, "polyglot"], [93268038.66004944, 2986, "Pneu"], [101138638.65709305, 3114, "badger"], [106575063.22002411, 3314, "finger"], [116815578.89795303, 3464, "G8LA"], [118722391.05606079, 3720, "24"], [121952924.0500927, 3970, "mid"], [123141854.94995117, 4220, "PYCMD"], [137678757.2069168, 4370, "puzzle"], [138494780.1001072, 4549, "overthere"], [156861373.80599976, 4799, "ducky"], [167130624.83811378, 5249, "girby"], [172800000.0, 5249]], "label": "fuzzi3", "score": 5249}, {"data": [[0, 0], [4428205.025911331, 10, "vash"], [7630340.744018555, 160, "rsbo"], [17523400.813102722, 228, "DIAGCGI"], [19427948.524951935, 378, "ty"], [33354897.277116776, 578, "rsaha"], [37091194.34309006, 928, "hop"], [38111325.35290718, 1056, "tarmful"], [54150796.571969986, 1306, "maze"], [56509866.49894714, 1656, "callme"], [74162762.87603378, 1906, "mid"], [77517172.8579998, 2206, "sha1lcode"], [93820293.21908951, 2356, "G8LA"], [99576999.96805191, 2436, "Pneu"], [106227629.68707085, 2936, "polyglot"], [124502522.62711525, 3064, "badger"], [133323787.19806671, 3314, "PYCMD"], [136299492.15602875, 3493, "overthere"], [139807747.17903137, 3643, "puzzle"], [140995471.62508965, 3893, "ducky"], [145776938.8859272, 4149, "24"], [153072371.67406082, 4349, "finger"], [155637379.67801094, 4799, "de"], [162532816.57505035, 4951, "PYFMT"], [171142921.18096352, 5151, "PY4H4SHER"], [172800000.0, 5151]], "label": "Dragon Sector", "score": 5151}, {"data": [[0, 0], [4527129.6899318695, 10, "vash"], [4610428.853988647, 210, "rsaha"], [13535801.208019257, 360, "rsbo"], [17327809.24797058, 428, "DIAGCGI"], [30976142.6320076, 556, "tarmful"], [35441473.13094139, 706, "ty"], [36613136.499881744, 856, "G8LA"], [45589536.47303581, 1206, "hop"], [70165690.5310154, 1406, "PY4H4SHER"], [71450571.30599022, 1706, "sha1lcode"], [81697646.63004875, 1956, "mid"], [88309386.78097725, 2156, "finger"], [90869062.6680851, 2506, "callme"], [94619091.47310257, 2586, "Pneu"], [104233808.52293968, 2714, "badger"], [112852017.17996597, 3214, "polyglot"], [114473500.98395348, 3464, "maze"], [118419484.7650528, 3720, "24"], [121159645.69592476, 3899, "overthere"], [128745300.17590523, 4149, "PYCMD"], [134354688.86494637, 4399, "ducky"], [142387762.50696182, 4549, "puzzle"], [172493910.6490612, 4949, "ginger"], [172800000.0, 4949]], "label": "9447", "score": 4949}, {"data": [[0, 0], [5240329.272985458, 10, "vash"], [25842732.41710663, 210, "rsaha"], [25870835.381031036, 360, "rsbo"], [27718473.06203842, 428, "DIAGCGI"], [32132282.49192238, 556, "tarmful"], [46056637.6850605, 706, "G8LA"], [49398491.59407616, 1056, "callme"], [50959325.59299469, 1256, "PY4H4SHER"], [72064714.42294121, 1556, "sha1lcode"], [72959195.66202164, 1906, "hop"], [100899585.91604233, 2206, "EASYINJ"], [104075089.7629261, 2286, "Pneu"], [114076469.52795982, 2486, "finger"], [124139822.16906548, 2936, "de"], [124746859.91501808, 3086, "ty"], [130777777.83203125, 3342, "24"], [133207032.92989731, 3521, "overthere"], [152568266.0729885, 4021, "polyglot"], [160834690.54198265, 4371, "PUSHINCAT"], [170636027.94003487, 4521, "puzzle"], [171728532.47594833, 4871, "breath"], [172800000.0, 4871]], "label": "penthackon", "score": 4871}, {"data": [[0, 0], [4803107.106924057, 10, "vash"], [10439807.074069977, 160, "rsbo"], [11439131.072998047, 360, "rsaha"], [20870984.64202881, 510, "ty"], [28494496.03009224, 578, "DIAGCGI"], [31639155.00307083, 928, "hop"], [33442857.54299164, 1056, "tarmful"], [43338814.192056656, 1206, "G8LA"], [49538902.78291702, 1406, "PY4H4SHER"], [78862575.72102547, 1656, "mid"], [80116616.22095108, 1956, "sha1lcode"], [107361785.13002396, 2036, "Pneu"], [112524890.73395729, 2386, "callme"], [118613283.30206871, 2836, "girby"], [125715109.57598686, 3336, "polyglot"], [126805916.97502136, 3464, "badger"], [128961796.04411125, 3720, "24"], [134662160.13908386, 3970, "ducky"], [148736867.99311638, 4220, "maze"], [149275963.35291862, 4420, "finger"], [154275797.29294777, 4570, "puzzle"], [168238889.18209076, 4749, "overthere"], [172800000.0, 4749]], "label": "blue-lotus", "score": 4749}, {"data": [[0, 0], [4457557.816982269, 10, "vash"], [4838087.5289440155, 210, "rsaha"], [13802304.230928421, 360, "rsbo"], [18524141.364097595, 428, "DIAGCGI"], [24463175.201892853, 578, "ty"], [31439187.44802475, 706, "tarmful"], [31960264.729976654, 1056, "hop"], [48768939.27907944, 1406, "callme"], [52417672.56093025, 1606, "PY4H4SHER"], [93695337.72706985, 1686, "Pneu"], [100811119.89092827, 1886, "finger"], [100846040.11797905, 2186, "sha1lcode"], [107621540.17496109, 2436, "mid"], [114066455.70206642, 2692, "24"], [120527936.78188324, 3192, "polyglot"], [124572217.29111671, 3492, "EASYINJ"], [142430489.66288567, 3742, "ducky"], [146852419.65293884, 3892, "puzzle"], [168203094.7780609, 4142, "maze"], [172020310.49108505, 4592, "de"], [172800000.0, 4592]], "label": "0ops", "score": 4592}, {"data": [[0, 0], [5627512.058019638, 200, "rsaha"], [5639086.230993271, 210, "vash"], [9350143.431901932, 360, "rsbo"], [49643166.30911827, 428, "DIAGCGI"], [55486845.340013504, 556, "tarmful"], [64361498.30389023, 756, "PY4H4SHER"], [65569705.94000816, 1006, "maze"], [91423233.50596428, 1356, "callme"], [91654118.71290207, 1606, "mid"], [91665550.11701584, 1906, "sha1lcode"], [104260592.64588356, 2406, "polyglot"], [105093919.05593872, 2556, "ty"], [108940631.8769455, 2756, "finger"], [109358471.12703323, 2836, "Pneu"], [141036132.26604462, 3015, "overthere"], [143275168.64204407, 3265, "ducky"], [146286639.42289352, 3521, "24"], [151037701.12490654, 3871, "hop"], [169243711.0760212, 4421, "stkof"], [172800000.0, 4421]], "label": "tomcr00se", "score": 4421}, {"data": [[0, 0], [8037853.311061859, 10, "vash"], [12735136.003017426, 210, "rsaha"], [25625659.399986267, 560, "hop"], [36518642.97199249, 688, "tarmful"], [39315908.4649086, 756, "DIAGCGI"], [76270308.55298042, 1106, "callme"], [104788783.79893303, 1306, "finger"], [106958261.26909256, 1506, "PY4H4SHER"], [112280376.08790398, 1586, "Pneu"], [116432789.35790062, 1842, "24"], [116892738.37590218, 2242, "ginger"], [117727360.01610756, 2742, "polyglot"], [132916010.40410995, 2992, "ducky"], [148961806.52093887, 3142, "G8LA"], [150074455.4579258, 3292, "puzzle"], [150981084.94210243, 3420, "badger"], [152874394.30093765, 3720, "sha1lcode"], [165930423.15793037, 3970, "maze"], [170870259.30404663, 4149, "overthere"], [172800000.0, 4149]], "label": "More Smoked Leet Chicken", "score": 4149}, {"data": [[0, 0], [4453635.514974594, 10, "vash"], [16972230.647087097, 78, "DIAGCGI"], [20966921.88501358, 278, "rsaha"], [30934479.664087296, 406, "tarmful"], [37758882.700920105, 756, "hop"], [41856279.848098755, 956, "PY4H4SHER"], [47497544.265031815, 1206, "maze"], [61384550.422906876, 1356, "rsbo"], [78113300.39596558, 1506, "G8LA"], [95271049.87096786, 1586, "Pneu"], [98030800.89211464, 1786, "finger"], [104165147.25708961, 1914, "badger"], [122435442.04902649, 2170, "24"], [126810110.15701294, 2470, "EASYINJ"], [140858851.7100811, 2620, "puzzle"], [141869737.24508286, 3120, "polyglot"], [146602349.11608696, 3370, "PYCMD"], [151394453.50503922, 3620, "ducky"], [172800000.0, 3620]], "label": "BambooFox",